Name,Item ID,CMS ID
'Abda,6875c0167ed36ffe8d268e8a,6875c0167ed36ffe8d268e8a
'Abud,6875c008f3011fac4bec1c52,6875c008f3011fac4bec1c52
'Abwein,6875c009eaaf13e443d8b9f7,6875c009eaaf13e443d8b9f7
'Ajjul,6875c0085afff353f253090f,6875c0085afff353f253090f
'Anabta,6875c01c37f537985230094c,6875c01c37f537985230094c
'Anata,6875c02461e9dc30f02d63f0,6875c02461e9dc30f02d63f0
'Anin,6875bffa61e9dc30f02d56b3,6875bffa61e9dc30f02d56b3
'Arrana,6875c01b5c8b185ca599162d,6875c01b5c8b185ca599162d
'Arura,6875c00946e5fdeb856017b1,6875c00946e5fdeb856017b1
'Asira al Qibliya,6875c002bef5333665fa80cb,6875c002bef5333665fa80cb
'Attil,6875c01c68f5dcdae4be7a69,6875c01c68f5dcdae4be7a69
'Awarta,6875c003f3011fac4bec1b16,6875c003f3011fac4bec1b16
'Azmut,6875c01cf31ee47e94b2ca2f,6875c01cf31ee47e94b2ca2f
'Azzun,6875c00546e5fdeb85601692,6875c00546e5fdeb85601692
'Ein 'Arik,6875c00ccd76cf413e435b8c,6875c00ccd76cf413e435b8c
'Ein Qiniya,6875c00b0708ac560f361192,6875c00b0708ac560f361192
'Ein Shibli,6875bfff46e5fdeb856014cf,6875bfff46e5fdeb856014cf
'Ein Siniya,6875c01ef31ee47e94b2cbfb,6875c01ef31ee47e94b2cbfb
'Ein Yabrud,6875c00a37112defe0b5fa39,6875c00a37112defe0b5fa39
'Ein ad Duyuk al Foqa,6875c00d5d42d37241d28228,6875c00d5d42d37241d28228
'Ein as Sultan RC,6875c00d04a507fc7b448d8f,6875c00d04a507fc7b448d8f
'Illar,6875c0007389043c96b5ff35,6875c0007389043c96b5ff35
'Iraq Burin,6875c00261e9dc30f02d599b,6875c00261e9dc30f02d599b
'Irqan Turad,6875c01fef5f9223ad4b262e,6875c01fef5f9223ad4b262e
'Izbat Salman,6875c00646e5fdeb856016b3,6875c00646e5fdeb856016b3
'Izbat Salman,6875c0065d42d37241d27f29,6875c0065d42d37241d27f29
'Tuqu,6875c025bef5333665fa8b14,6875c025bef5333665fa8b14
'Urif,6875c003eaaf13e443d8b48a,6875c003eaaf13e443d8b48a
Abasan al-Kabira,687f03f812d6d7845a16cf46,687f03f812d6d7845a16cf46
Abasan al-Saghira,687f03d2b03db64fbddf0cea,687f03d2b03db64fbddf0cea
Abu Dis,6875c028e0f65a70656dabee,6875c028e0f65a70656dabee
Abu Falah,6875c02b69517854cce35ae8,6875c02b69517854cce35ae8
Abu Ghalyah,6875c02bb265f9fac1c34543,6875c02bb265f9fac1c34543
Abu Qash,6875c00ab12b50f584473af9,6875c00ab12b50f584473af9
Abu Shukheidim,6875c00a164002893fcbae3b,6875c00a164002893fcbae3b
Abu Suhweila,6875c0156f1622450066f51e,6875c0156f1622450066f51e
Abu Tur,6875c01f6ad391d59142a3c5,6875c01f6ad391d59142a3c5
Abu a-Nuwar,6875c02ab12b50f584474d0e,6875c02ab12b50f584474d0e
Abu al-'Asja,6875c016aa046612f795cdd8,6875c016aa046612f795cdd8
Abu al-'Urqan,6875c0160a2b30bfd53fc5f3,6875c0160a2b30bfd53fc5f3
Abu al-Ghuzlan,6875c0165c8b185ca5991519,6875c0165c8b185ca5991519
Abu al-Hilu,6875c02b90c314372b219e1d,6875c02b90c314372b219e1d
Ajjah,6875c01babcaecceb44685ed,6875c01babcaecceb44685ed
Al 'Ubeidiya,6875c00d19bcc90747001e70,6875c00d19bcc90747001e70
Al Am'ari RC,6875c00dcaf7140ccdd001b9,6875c00dcaf7140ccdd001b9
Al Baqar,6875c025164002893fcbb567,6875c025164002893fcbb567
Al Bireh,68419b8f0a70f4481f62128a,68419b8f0a70f4481f62128a
Al Bireh,6875c00d7bb05de07b5181f3,6875c00d7bb05de07b5181f3
Al Farisiyah,68419b8fe9af4b5ef717090b,68419b8fe9af4b5ef717090b
Al Lubban Al Gharbi,68419b8f07edc54984af086d,68419b8f07edc54984af086d
Al Muarrajat,68419b8fa2947ca7570977f3,68419b8fa2947ca7570977f3
Al Mughayyir,68419b8f02c98233603156cb,68419b8f02c98233603156cb
Al-Bayuk,687f06c9b863e5b0f69d2f10,687f06c9b863e5b0f69d2f10
Al-Fukhari,687f051b7a552f769e5f8b47,687f051b7a552f769e5f8b47
Al-Mawasi,687f0596a281bb53344f2233,687f0596a281bb53344f2233
Al-Mughraqa,687efff235e72a10a3359505,687efff235e72a10a3359505
Al-Musaddar,687f01217a552f769e5ec09d,687f01217a552f769e5ec09d
Al-Nasr,687f062c85d24bf060fc7b3a,687f062c85d24bf060fc7b3a
Al-Qarara,687f01c2b0f3015f446ea890,687f01c2b0f3015f446ea890
Al-Zahra,687eff9113826f932a3ce137,687eff9113826f932a3ce137
Al-‘Auja,68409197838e203cb6533f79,68409197838e203cb6533f79
Am Dhair,687f023888746d761ef6cc4c,687f023888746d761ef6cc4c
Ammuriyah,6875c01cabcaecceb446861d,6875c01cabcaecceb446861d
Anab al-Kabir,6875c01fe697f78651901d5f,6875c01fe697f78651901d5f
Anzah,6875bffd9c9eecc4326a8ef0,6875bffd9c9eecc4326a8ef0
Aqbat Jaber RC,6875c00d8a7e1f4d0de1c0b1,6875c00d8a7e1f4d0de1c0b1
Aqqabah,6875c01dba479c1062f41407,6875c01dba479c1062f41407
Aqraba,6875c02812e3adb15868365d,6875c02812e3adb15868365d
Arab Abu Fardah,6875c0201970984965c51c9f,6875c0201970984965c51c9f
Arab a-Ramadin a-Shamali,6875c0012d205435aa47c1e8,6875c0012d205435aa47c1e8
Arab a-Ramadin al-Janubi,6875c02836f16b274d9a331a,6875c02836f16b274d9a331a
Arab a-Rashayidah,6875c0127a39e79ed540c960,6875c0127a39e79ed540c960
Arab a-Suweitat,6875c01ba7c637eaa2e7334e,6875c01ba7c637eaa2e7334e
Arab al-Fureijat,6875c026ba479c1062f416e6,6875c026ba479c1062f416e6
Arab al-Hamdun,6875bffd37112defe0b5f5a6,6875bffd37112defe0b5f5a6
Arab al-Jahalin,6875c024b265f9fac1c3424b,6875c024b265f9fac1c3424b
Araba,6875c01beaaf13e443d8becf,6875c01beaaf13e443d8becf
Arabunah,6875c01bd8f36b3c83290f36,6875c01bd8f36b3c83290f36
Armenian Quarter,6875c028bef5333665fa8cc0,6875c028bef5333665fa8cc0
Asirah a-Shamaliyah,6875c01c6be396c7be3b0f61,6875c01c6be396c7be3b0f61
Askar R.C.,6875c002237aac6304cd7451,6875c002237aac6304cd7451
Aslah,6875c005f67a43d73d2d2499,6875c005f67a43d73d2d2499
At Tuwani,68419b8fb86b51c2365a0d54,68419b8fb86b51c2365a0d54
Atarah,6875c008f25e85a49c6de9f0,6875c008f25e85a49c6de9f0
Aydah R.C.,6875c0121323e724b884535d,6875c0121323e724b884535d
Az-Zawayda,687f0089fe579611b44ab58e,687f0089fe579611b44ab58e
Azzun 'Atmah,6875c0061970984965c513d8,6875c0061970984965c513d8
Bab a-Zahreh,6875c02035e42db992da23db,6875c02035e42db992da23db
Badu a-Mu'arrajat,6875c02467957aed6df4d704,6875c02467957aed6df4d704
Bal'a,6875c00001fcc3dbdd355d82,6875c00001fcc3dbdd355d82
Balata R.C.,6875c0020708ac560f360d73,6875c0020708ac560f360d73
Bani Na'im,6875c01867957aed6df4cd72,6875c01867957aed6df4cd72
Baqah a-Sharqiyah,6875c022aa046612f795d31d,6875c022aa046612f795d31d
Baqat al-Hatab,6875c00419bcc90747001be3,6875c00419bcc90747001be3
Bardalah,6875c01df127c6a93b5d6c45,6875c01df127c6a93b5d6c45
Barghasha,6875c0231970984965c51d5a,6875c0231970984965c51d5a
Barta'ah a-Sharqiyah,6875bffcf31ee47e94b2c13a,6875bffcf31ee47e94b2c13a
Battir,6875c01291e1e1f53d5b59d8,6875c01291e1e1f53d5b59d8
Battir,6875c013b265f9fac1c33d71,6875c013b265f9fac1c33d71
Bayt Jala,68419b8f99039b0667cff4c2,68419b8f99039b0667cff4c2
Beit 'Amra,6875c01ed335b95a8e448eac,6875c01ed335b95a8e448eac
Beit 'Anan,6875c00c957701899282bed8,6875c00c957701899282bed8
Beit 'Awwa,6875c014164002893fcbb018,6875c014164002893fcbb018
Beit 'Einun,6875c0114ff1e2b501929af1,6875c0114ff1e2b501929af1
Beit 'Ur a-Tahta,6875c00ccbb99d6acd3c85d1,6875c00ccbb99d6acd3c85d1
Beit 'Ur al-Fauqa,6875c00c7a39e79ed540c7a3,6875c00c7a39e79ed540c7a3
Beit Amin,6875c0065d42d37241d27efb,6875c0065d42d37241d27efb
Beit Dajan,6875c00337f53798522ffd03,6875c00337f53798522ffd03
Beit Duqu,6875c00cd335b95a8e4486af,6875c00cd335b95a8e4486af
Beit Fajjar,6875c01ea7c637eaa2e7349f,6875c01ea7c637eaa2e7349f
Beit Furik,68419b8faf62b9e61bf840e8,68419b8faf62b9e61bf840e8
Beit Furik,6875c01c8a7e1f4d0de1c5f8,6875c01c8a7e1f4d0de1c5f8
Beit Hanina,6875c020eda7a7b48770a9bb,6875c020eda7a7b48770a9bb
Beit Hanina al-Balad,6875c01987e51b141bdb5809,6875c01987e51b141bdb5809
Beit Hanoun,6875bff96be396c7be3affb1,6875bff96be396c7be3affb1
Beit Hasan,6875bfffbf43726ccadd396c,6875bfffbf43726ccadd396c
Beit Iba,6875c001165573e633412467,6875c001165573e633412467
Beit Ijza,6875c00dbedca23a5b2b226a,6875c00dbedca23a5b2b226a
Beit Iksa,6875c00d7bb05de07b51814b,6875c00d7bb05de07b51814b
Beit Imrin,6875c01b46e5fdeb85601c67,6875c01b46e5fdeb85601c67
Beit Jala,6875c012caf7140ccdd003f1,6875c012caf7140ccdd003f1
Beit Kahil,6875c01e296a0ebcd388e3bc,6875c01e296a0ebcd388e3bc
Beit Lahiya,6875bff87ed36ffe8d268560,6875bff87ed36ffe8d268560
Beit Lid,6875c004dc575df88e69b898,6875c004dc575df88e69b898
Beit Liqya,6875c00c296a0ebcd388da0c,6875c00c296a0ebcd388da0c
Beit Maqdum,6875c014165573e633412b7a,6875c014165573e633412b7a
Beit Mirsim,6875c01514bfa312b16766ff,6875c01514bfa312b16766ff
Beit Nuba,6875c00c37f53798522fffc1,6875c00c37f53798522fffc1
Beit Qad,6875bffa8a29ee65ca913292,6875bffa8a29ee65ca913292
Beit Rima,6875bffd12e3adb1586828a7,6875bffd12e3adb1586828a7
Beit Safafa,6875c0192f4ee75eaa328ebb,6875c0192f4ee75eaa328ebb
Beit Sahur,6875c019bf43726ccadd4133,6875c019bf43726ccadd4133
Beit Sira,6875c00cbedca23a5b2b21e0,6875c00cbedca23a5b2b21e0
Beit Surik,6875c00d19bcc90747001e38,6875c00d19bcc90747001e38
Beit Ta'mar,6875c01012e3adb158682fc9,6875c01012e3adb158682fc9
Beit Ula,6875c0139c9eecc4326a997e,6875c0139c9eecc4326a997e
Beit Ummar,6875c014cd58e8d04eac5990,6875c014cd58e8d04eac5990
Beit Wazan,6875c021f25e85a49c6df25d,6875c021f25e85a49c6df25d
Beit a-Rush a-Tahta,6875c0154ff1e2b501929c60,6875c0154ff1e2b501929c60
Beit a-Rush al-Foqa,6875c015f25e85a49c6dede0,6875c015f25e85a49c6dede0
Beita,6875c00487e51b141bdb509b,6875c00487e51b141bdb509b
Beitillu,6875c00b539f20466a3bbdfc,6875c00b539f20466a3bbdfc
Beitin,6875c00a46e5fdeb85601806,6875c00a46e5fdeb85601806
Beituniya,6875c00d8a29ee65ca913838,6875c00d8a29ee65ca913838
Bethlehem,6875c019f31ee47e94b2c992,6875c019f31ee47e94b2c992
Bidu,6875c00d87e51b141bdb5434,6875c00d87e51b141bdb5434
Bidya,6875c006cbb99d6acd3c8369,6875c006cbb99d6acd3c8369
Bil'in,6875c00c8a29ee65ca9137c4,6875c00c8a29ee65ca9137c4
Bir Musallam,6875c014abcaecceb446843f,6875c014abcaecceb446843f
Bir Nabala,6875c020f31ee47e94b2cc5e,6875c020f31ee47e94b2cc5e
Bir Zeit,6875c01db14376cff972da12,6875c01db14376cff972da12
Bir al-Basha,6875c01aaa046612f795cec8,6875c01aaa046612f795cec8
Bir al-Maskub,6875c02a0a2b30bfd53fcdd7,6875c02a0a2b30bfd53fcdd7
Bir al-Maskub,6875c02a6fcb88f036f7bc8a,6875c02a6fcb88f036f7bc8a
Birin,6875c01e296a0ebcd388e3c5,6875c01e296a0ebcd388e3c5
Birqin,6875bffb165573e63341226a,6875bffb165573e63341226a
Biyar al-'Arus,6875c0185afff353f2530d4a,6875c0185afff353f2530d4a
Bizzariya,6875c0004ff1e2b50192953a,6875c0004ff1e2b50192953a
Bruqin,6875c008296a0ebcd388d77d,6875c008296a0ebcd388d77d
Budrus,6875c00b87e51b141bdb53bf,6875c00b87e51b141bdb53bf
Bureid'ah,6875c00e61e9dc30f02d5cc0,6875c00e61e9dc30f02d5cc0
Burham,6875c00acaf7140ccdd0003f,6875c00acaf7140ccdd0003f
Burin,68419b8f3facb2a1a04b16df,68419b8f3facb2a1a04b16df
Burin,6875c0026bf8da1fa891b989,6875c0026bf8da1fa891b989
Burqah,6875bfff38bb2a9e795d15a6,6875bfff38bb2a9e795d15a6
Burqah,6875c00b91e1e1f53d5b5684,6875c00b91e1e1f53d5b5684
Christian Quarter,6875c02861e9dc30f02d655c,6875c02861e9dc30f02d655c
Dahiyat Sabah al-Kheir,6875c01ae0f65a70656da488,6875c01ae0f65a70656da488
Dahiyat al-Bareed,6875c02990c314372b219dc0,6875c02990c314372b219dc0
Dar Abu Basal,6875c0050708ac560f360e5a,6875c0050708ac560f360e5a
Dar Salah,6875c025cd76cf413e4362e4,6875c025cd76cf413e4362e4
Deir 'Ammar,6875c024164002893fcbb485,6875c024164002893fcbb485
Deir 'Ammar R.C.,6875c00b546f2654d193f2bd,6875c00b546f2654d193f2bd
Deir Abu Da'if,6875c01a237aac6304cd7c0c,6875c01a237aac6304cd7c0c
Deir Abu Mash'al,6875c00b296a0ebcd388d8cd,6875c00b296a0ebcd388d8cd
Deir Ballut,6875c0097a39e79ed540c658,6875c0097a39e79ed540c658
Deir Dobwan,6875c009d8f36b3c832905eb,6875c009d8f36b3c832905eb
Deir Ghassaneh,6875c029e697f78651902036,6875c029e697f78651902036
Deir Ghazala,6875bffacd76cf413e434d33,6875bffacd76cf413e434d33
Deir Hajla,6875c0219b754e81362bde5b,6875c0219b754e81362bde5b
Deir Ibzi',6875c00cba479c1062f40ec1,6875c00cba479c1062f40ec1
Deir Istiya,68419b8f3facb2a1a04b16dd,68419b8f3facb2a1a04b16dd
Deir Istiya,6875c0032f4ee75eaa3279a9,6875c0032f4ee75eaa3279a9
Deir Jarir,6875c009bf891e3aab105f6a,6875c009bf891e3aab105f6a
Deir Nidham,6875c024bedca23a5b2b290d,6875c024bedca23a5b2b290d
Deir Qadis,6875c01dbef5333665fa88a2,6875c01dbef5333665fa88a2
Deir Quruntul,6875c00835e42db992da0f5b,6875c00835e42db992da0f5b
Deir Razih,6875c027e0f65a70656daba8,6875c027e0f65a70656daba8
Deir Samit,6875c01eb8f3c00f703db167,6875c01eb8f3c00f703db167
Deir Sharaf,6875c001faf7802d747d96bd,6875c001faf7802d747d96bd
Deir a-Sudan,6875c008296a0ebcd388d7c3,6875c008296a0ebcd388d7c3
Deir al-'Asal al-Foqa,6875c0154da6359afbb7b528,6875c0154da6359afbb7b528
Deir al-Balah,6875bff837112defe0b5f4c8,6875bff837112defe0b5f4c8
Deir al-Balah R.C.,6875bff958b028993aaf002e,6875bff958b028993aaf002e
Deir al-Ghusun,6875c000caf7140ccdcffccd,6875c000caf7140ccdcffccd
Deir al-Hatab,6875c002ab3d339b225e36df,6875c002ab3d339b225e36df
Deir al-Qilt,6875c02201fcc3dbdd3567b4,6875c02201fcc3dbdd3567b4
Dhaher al-'Abed,6875c01bbef5333665fa882c,6875c01bbef5333665fa882c
Dhaher al-Malih,6875c02237f5379852300a6b,6875c02237f5379852300a6b
Dharat an Nada,6875c00eb265f9fac1c33c0e,6875c00eb265f9fac1c33c0e
Dhinnaba,6875c001df5eb5e758a32595,6875c001df5eb5e758a32595
Dier al-'Asal a-Tahta,6875c015faf7802d747d9f19,6875c015faf7802d747d9f19
Duma,6875c0076fcb88f036f79fd6,6875c0076fcb88f036f79fd6
Duma,6875c015164002893fcbb072,6875c015164002893fcbb072
Dura,6875c0275afff353f253119d,6875c0275afff353f253119d
Dura al-Qare',6875c00a61e9dc30f02d5b2f,6875c00a61e9dc30f02d5b2f
Ein Beit al-Maa R.C.,6875c02867957aed6df4d841,6875c02867957aed6df4d841
Ein Sakut,68409133f300df1b1c2a5ddf,68409133f300df1b1c2a5ddf
Ein Samia,6875c024f3011fac4bec282e,6875c024f3011fac4bec282e
Ein Yabrud,6875c00a9c9eecc4326a9450,6875c00a9c9eecc4326a9450
Ein a-Duyuk a-Tahta,6875c021b265f9fac1c341b8,6875c021b265f9fac1c341b8
Ein al-Beida,6875c01d58b028993aaf11e9,6875c01d58b028993aaf11e9
Einabus,6875c0035c8b185ca5990e18,6875c0035c8b185ca5990e18
Fahmah,6875c01b6be396c7be3b0f29,6875c01b6be396c7be3b0f29
Fahmah al-Jadidah,6875c000b265f9fac1c3381c,6875c000b265f9fac1c3381c
Fakht al-Jul,6875c00fc66a912b82838d20,6875c00fc66a912b82838d20
Falamyah,6875c005abcaecceb4468064,6875c005abcaecceb4468064
Faqqu'a,6875c01b9b1cc93bc43678bd,6875c01b9b1cc93bc43678bd
Far'ata,6875c00246e5fdeb85601635,6875c00246e5fdeb85601635
Far'on,6875c0014ff1e2b501929586,6875c0014ff1e2b501929586
Farkha,6875c008296a0ebcd388d798,6875c008296a0ebcd388d798
Fasayil,6875c0076be396c7be3b0938,6875c0076be396c7be3b0938
Fasayil,6875c029e0f65a70656dacf3,6875c029e0f65a70656dacf3
Fqeiqis,6875c014cd58e8d04eac59f8,6875c014cd58e8d04eac59f8
Furush Beit Dajan,6875c029b12b50f584474c90,6875c029b12b50f584474c90
Gaza City,6875bff8d335b95a8e447dad,6875bff8d335b95a8e447dad
Hablah,6875c006df5eb5e758a3273d,6875c006df5eb5e758a3273d
Hadab al-Fawwar,6875c0175d42d37241d28485,6875c0175d42d37241d28485
Hajjah,6875c0045d42d37241d27d8a,6875c0045d42d37241d27d8a
Halhul,6875c01e675edbad197c1aad,6875c01e675edbad197c1aad
Hamra,68419b8f0bfc2606f5df74e1,68419b8f0bfc2606f5df74e1
Hamrush,6875c00e37f537985230006c,6875c00e37f537985230006c
Haribat a-Nabi,6875c01046e5fdeb856019b2,6875c01046e5fdeb856019b2
Haribat a-Nabi,6875c026c66a912b82839be6,6875c026c66a912b82839be6
Haris,6875c00369517854cce35069,6875c00369517854cce35069
Harmalah,6875c01aabcaecceb446856f,6875c01aabcaecceb446856f
Hebron,6875c001957701899282bca2,6875c001957701899282bca2
Hindaza,6875c01025c6548282691ded,6875c01025c6548282691ded
Hitta,6875c013dd9489e7cab7989a,6875c013dd9489e7cab7989a
Hizma,6875c01904a507fc7b44924e,6875c01904a507fc7b44924e
Huraiz,6875c01e1970984965c51bf5,6875c01e1970984965c51bf5
Husan,6875c013ab3d339b225e3d9a,6875c013ab3d339b225e3d9a
Huwarah,6875c00325c65482826918fd,6875c00325c65482826918fd
I'zeiz,6875c0186f1622450066f646,6875c0186f1622450066f646
Idhna,6875c014abcaecceb4468459,6875c014abcaecceb4468459
Ijnisinya,6875bffebf891e3aab105b2e,6875bffebf891e3aab105b2e
Iktaba,6875c000d335b95a8e4482b1,6875c000d335b95a8e4482b1
Immatin,6875c002f67a43d73d2d2390,6875c002f67a43d73d2d2390
Imreihah,6875bffc3c038d0dbc471755,6875bffc3c038d0dbc471755
Imreish,6875c0164da6359afbb7b56c,6875c0164da6359afbb7b56c
Irtas,6875c019e0f65a70656da41c,6875c019e0f65a70656da41c
Iskaka,6875c007e5d79caa2f644792,6875c007e5d79caa2f644792
Iskeik,6875c0154d0f7f00ff9b719b,6875c0154d0f7f00ff9b719b
Izbat Abu Adam,6875c021f31ee47e94b2ccbf,6875c021f31ee47e94b2ccbf
Izbat Abu Hamada,6875c0019c9eecc4326a907a,6875c0019c9eecc4326a907a
Izbat Abu Khameish,6875c0224da6359afbb7b96a,6875c0224da6359afbb7b96a
Izbat Jal'ud,6875c00558b028993aaf0a09,6875c00558b028993aaf0a09
Izbat Shufah,6875c0223c038d0dbc4725ee,6875c0223c038d0dbc4725ee
Izbat a-Tabib,6875c020faf7802d747da39d,6875c020faf7802d747da39d
Izbat al-Ashqar,6875c0063baae76b594fc936,6875c0063baae76b594fc936
Izbat al-Khilal,6875c022546f2654d193f961,6875c022546f2654d193f961
Jaba',6875bffeb14376cff972d050,6875bffeb14376cff972d050
Jaba',6875c024237aac6304cd7eab,6875c024237aac6304cd7eab
Jaba',6875c02491e1e1f53d5b6070,6875c02491e1e1f53d5b6070
Jabal al-Mukabber,6875c01925c6548282692128,6875c01925c6548282692128
Jabalia,6875bff99c9eecc4326a8def,6875bff99c9eecc4326a8def
Jabalya R.C.,6875bff87c5888cd6bc641b2,6875bff87c5888cd6bc641b2
Jafa a-Nun,6875c028b14376cff972e29c,6875c028b14376cff972e29c
Jala,6875c0130a2b30bfd53fc4a5,6875c0130a2b30bfd53fc4a5
Jalbun,6875c01a4da6359afbb7b6b4,6875c01a4da6359afbb7b6b4
Jalqamus,6875c01a9c9eecc4326a9bea,6875c01a9c9eecc4326a9bea
Jalud,6875c0076ad391d591429d0f,6875c0076ad391d591429d0f
Jamma'in,6875c003df5eb5e758a3260a,6875c003df5eb5e758a3260a
Jammala,6875c02391e1e1f53d5b6051,6875c02391e1e1f53d5b6051
Jayus,6875c0056be396c7be3b08ae,6875c0056be396c7be3b08ae
Jenin,685a62a317fa68b66f640661,685a62a317fa68b66f640661
Jenin,6875c00191e1e1f53d5b52bc,6875c00191e1e1f53d5b52bc
Jenin R.C.,6875c0016bf8da1fa891b920,6875c0016bf8da1fa891b920
Jericho,6875c0216bf8da1fa891cefa,6875c0216bf8da1fa891cefa
Jerusalem,6875c020aa9fd24b0006861f,6875c020aa9fd24b0006861f
Jibya,6875c00a546f2654d193f288,6875c00a546f2654d193f288
Jifna,6875c00a957701899282be1c,6875c00a957701899282be1c
Jiljilya,6875c009ba479c1062f40dbd,6875c009ba479c1062f40dbd
Jinsafut,6875c0061323e724b884511e,6875c0061323e724b884511e
Jit,6875c002bf43726ccadd3a1f,6875c002bf43726ccadd3a1f
Jub a-Dib,6875c025ab3d339b225e496f,6875c025ab3d339b225e496f
Juhdum,6875c025c66a912b82839b90,6875c025c66a912b82839b90
Jurat a-Sham'a,6875c00e7389043c96b60708,6875c00e7389043c96b60708
Jurish,6875c007bf43726ccadd3aca,6875c007bf43726ccadd3aca
Jurun al-Louz,6875c00f37f5379852300096,6875c00f37f5379852300096
Kafa,6875c0014ff1e2b5019295cf,6875c0014ff1e2b5019295cf
Kafr 'Abush,6875c0050708ac560f360ecd,6875c0050708ac560f360ecd
Kafr 'Aqab,6875c00dd335b95a8e4486f9,6875c00dd335b95a8e4486f9
Kafr Ein,6875c00869517854cce35157,6875c00869517854cce35157
Kafr Jammal,6875c0055f006aa7cb57bfc2,6875c0055f006aa7cb57bfc2
Kafr Laqif,6875c00437f53798522ffd66,6875c00437f53798522ffd66
Kafr Malik,6875c009ab3d339b225e3990,6875c009ab3d339b225e3990
Kafr Ni'ma,6875c00cbedca23a5b2b218d,6875c00cbedca23a5b2b218d
Kafr Qaddum,68419b904b93e464383bae38,68419b904b93e464383bae38
Kafr Qadum,6875c00469517854cce350ac,6875c00469517854cce350ac
Kafr Qalil,6875c02138bb2a9e795d2302,6875c02138bb2a9e795d2302
Kafr Qud,6875bffbcd58e8d04eac4fea,6875bffbcd58e8d04eac4fea
Kafr Ra'i,6875c000caf7140ccdcffc98,6875c000caf7140ccdcffc98
Kafr Rumman,6875c01c0a2b30bfd53fc92f,6875c01c0a2b30bfd53fc92f
Kafr Sur,6875c004bedca23a5b2b1e98,6875c004bedca23a5b2b1e98
Kafr Thulth,6875c006a7c637eaa2e72a1a,6875c006a7c637eaa2e72a1a
Kafr Zibad,6875c005539f20466a3bbcd9,6875c005539f20466a3bbcd9
Kafr a-Dik,6875c008ba479c1062f40d85,6875c008ba479c1062f40d85
Kafr al-Labad,6875c01c7a39e79ed540cc71,6875c01c7a39e79ed540cc71
Kardalah,6875bffe6f1622450066ed17,6875bffe6f1622450066ed17
Karmah,6875c016dc575df88e69bcb1,6875c016dc575df88e69bcb1
Kashdah,6875c022e5d79caa2f644f20,6875c022e5d79caa2f644f20
Kfar Dan,6875bffb7a39e79ed540c267,6875bffb7a39e79ed540c267
Kh. 'Atuf,6875bffe6bf8da1fa891b856,6875bffe6bf8da1fa891b856
Kh. 'Ein al-Hilweh,6875bffd5f006aa7cb57bcdf,6875bffd5f006aa7cb57bcdf
Kh. Abu Falah,6875c01d74474586966e2b66,6875c01d74474586966e2b66
Kh. Abu Hamid,6875c014abcaecceb44684b2,6875c014abcaecceb44684b2
Kh. Abu Hamid,6875c016e5d79caa2f644c46,6875c016e5d79caa2f644c46
Kh. Bir al-'Eid,6875c026e5d79caa2f645115,6875c026e5d79caa2f645115
Kh. Bism,6875c02737f5379852300b63,6875c02737f5379852300b63
Kh. Deir Shams,6875c027caf7140ccdd009ba,6875c027caf7140ccdd009ba
Kh. Emneizal,6875c026546f2654d193fb34,6875c026546f2654d193fb34
Kh. Ghuwein al-Fauqa,6875c026bef5333665fa8b76,6875c026bef5333665fa8b76
Kh. Humsah,6875c023dd9489e7cab7a162,6875c023dd9489e7cab7a162
Kh. Humsah,6875c025f127c6a93b5d74cd,6875c025f127c6a93b5d74cd
Kh. Jamrurah,6875c00f58b028993aaf0d28,6875c00f58b028993aaf0d28
Kh. Jubara,6875c029539f20466a3bc722,6875c029539f20466a3bc722
Kh. Kafr Sheiyan,6875c023e5d79caa2f64500c,6875c023e5d79caa2f64500c
Kh. Ma'in,6875c0177a39e79ed540ca83,6875c0177a39e79ed540ca83
Kh. Marah a-Raha,6875bffdeaaf13e443d8b321,6875bffdeaaf13e443d8b321
Kh. Mas'ud,6875bffdaa9fd24b0006783f,6875bffdaa9fd24b0006783f
Kh. Mushrif,6875c0251323e724b8845a25,6875c0251323e724b8845a25
Kh. Sab'ein,6875c02387e51b141bdb5b2f,6875c02387e51b141bdb5b2f
Kh. Salama,6875c017aa9fd24b00067fd9,6875c017aa9fd24b00067fd9
Kh. Samra,6875c02901fcc3dbdd3570a1,6875c02901fcc3dbdd3570a1
Kh. Sarra,6875bfff296a0ebcd388d56d,6875bfff296a0ebcd388d56d
Kh. Sarura,6875c0268a7e1f4d0de1c979,6875c0268a7e1f4d0de1c979
Kh. Shuweika,6875c027a7c637eaa2e7370c,6875c027a7c637eaa2e7370c
Kh. Sir,6875c005bedca23a5b2b1eea,6875c005bedca23a5b2b1eea
Kh. Suruj,6875c0237ed36ffe8d26924f,6875c0237ed36ffe8d26924f
Kh. Tall al-Ghar,6875bfff3baae76b594fc743,6875bfff3baae76b594fc743
Kh. Tall al-Himma,6875c029c66a912b8283aecf,6875c029c66a912b8283aecf
Kh. Tana,6875bfff6be396c7be3b01ce,6875bfff6be396c7be3b01ce
Kh. Tawil a-Sheikh,6875c0266bf8da1fa891d137,6875c0266bf8da1fa891d137
Kh. Tuqu',6875c01104a507fc7b448fd9,6875c01104a507fc7b448fd9
Kh. Um Nir,68419b909de4ef897e3bade6,68419b909de4ef897e3bade6
Kh. Wadih,6875c0259b1cc93bc4367b29,6875c0259b1cc93bc4367b29
Kh. Yarza,6875c0223baae76b594fd056,6875c0223baae76b594fd056
Kh. Zanutah,6875c02658b028993aaf1428,6875c02658b028993aaf1428
Kh. a-Deir,6875c01174474586966e25f9,6875c01174474586966e25f9
Kh. a-Deir,6875c0257389043c96b60dfd,6875c0257389043c96b60dfd
Kh. a-Nahlah,6875c011f25e85a49c6dec8f,6875c011f25e85a49c6dec8f
Kh. a-Ras al-Ahmar,6875c02258b028993aaf1338,6875c02258b028993aaf1338
Kh. a-Sheikh Sa'eed,6875bffc90c314372b219178,6875bffc90c314372b219178
Kh. a-Taban,6875c026cd76cf413e43635c,6875c026cd76cf413e43635c
Kh. a-Tawamin,6875c026bedca23a5b2b29cb,6875c026bedca23a5b2b29cb
Kh. a-Tayah,6875c022237aac6304cd7e48,6875c022237aac6304cd7e48
Kh. al-Fakhit,6875c026aa9fd24b000688f4,6875c026aa9fd24b000688f4
Kh. al-Hasaka,6875c027dd9489e7cab7a2f7,6875c027dd9489e7cab7a2f7
Kh. al-Kharuba,6875c0114d252824544b214b,6875c0114d252824544b214b
Kh. al-Majaz,6875c0102f4ee75eaa327ca5,6875c0102f4ee75eaa327ca5
Kh. al-Mantarah,6875c02536f16b274d9a3266,6875c02536f16b274d9a3266
Kh. al-Maq'urah,6875c026e0f65a70656dab6b,6875c026e0f65a70656dab6b
Kh. al-Marajim,6875bfff0708ac560f360ca2,6875bfff0708ac560f360ca2
Kh.Ibziq,6875bffe237aac6304cd7302,6875bffe237aac6304cd7302
Khallet 'Afana,6875c00e36f16b274d9a2869,6875c00e36f16b274d9a2869
Khallet 'Arabi,6875c01819bcc90747002408,6875c01819bcc90747002408
Khallet Hamad,6875c00fe697f78651901824,6875c00fe697f78651901824
Khallet Sakariya,6875c00e7389043c96b606cc,6875c00e7389043c96b606cc
Khallet Salih,6875c018f31ee47e94b2c8fe,6875c018f31ee47e94b2c8fe
Khallet a-Nu'man,6875c0205d42d37241d28725,6875c0205d42d37241d28725
Khallet al-'Aqd,6875c016ba479c1062f41227,6875c016ba479c1062f41227
Khallet al-Ballutah,6875c00e6ad391d591429eea,6875c00e6ad391d591429eea
Khallet al-Hadad,6875c00eb14376cff972d46f,6875c00eb14376cff972d46f
Khallet al-Louza,6875c010957701899282c031,6875c010957701899282c031
Khallet al-Maiya,6875c0183c038d0dbc472124,6875c0183c038d0dbc472124
Khallet al-Qaranin,6875c010f127c6a93b5d6742,6875c010f127c6a93b5d6742
Khan Al Ahmar,68419b904c42d4fc41f8bd8f,68419b904c42d4fc41f8bd8f
Khan Yunis,6875bff99c9eecc4326a8dd1,6875bff99c9eecc4326a8dd1
Khan Yunis R.C.,6875bff987e51b141bdb4da5,6875bff987e51b141bdb4da5
Khan al-Ahmar school,6875c02b6ad391d59142a6dc,6875c02b6ad391d59142a6dc
Kharas,6875c01361e9dc30f02d5f1a,6875c01361e9dc30f02d5f1a
Kharayib Umm al Lahim,6875c00d296a0ebcd388da5e,6875c00d296a0ebcd388da5e
Kharbatha Bani Harith,6875c00b3baae76b594fcacb,6875c00b3baae76b594fcacb
Kharbatha al-Misbah,6875c00cb8f3c00f703daae4,6875c00cb8f3c00f703daae4
Khashm al-Karem,6875c01812e3adb15868319a,6875c01812e3adb15868319a
Khirbet Asafi,6875c0260708ac560f361a7d,6875c0260708ac560f361a7d
Khirbet Qeis,6875c009164002893fcbadf4,6875c009164002893fcbadf4
Khurisa,6875c02614bfa312b1676cda,6875c02614bfa312b1676cda
Khursa,6875c016d335b95a8e448c33,6875c016d335b95a8e448c33
Khuzaʽa,687f047917cab0f4044e5945,687f047917cab0f4044e5945
Kifl Haris,6875c0027bb05de07b517ec5,6875c0027bb05de07b517ec5
Kisan,6875c0118a29ee65ca9139af,6875c0118a29ee65ca9139af
Kisan,6875c011d335b95a8e4488d5,6875c011d335b95a8e4488d5
Kobar,6875c01e12e3adb15868332f,6875c01e12e3adb15868332f
Kufeirit,6875c01b35e42db992da172b,6875c01b35e42db992da172b
Kur,6875c004bedca23a5b2b1eb1,6875c004bedca23a5b2b1eb1
Kureiseh,6875c02774474586966e2f6f,6875c02774474586966e2f6f
Kurza,6875c015bedca23a5b2b2461,6875c015bedca23a5b2b2461
Kuziba,6875c01f36f16b274d9a2f42,6875c01f36f16b274d9a2f42
Madama,6875c00236f16b274d9a24ba,6875c00236f16b274d9a24ba
Mahattet Tahsin Mansur,6875c020237aac6304cd7db8,6875c020237aac6304cd7db8
Majdal Bani Fadel,6875c00425c6548282691935,6875c00425c6548282691935
Mantiqat She'b al-Baten,6875c010aa046612f795ca1a,6875c010aa046612f795ca1a
Mantiqat She'b al-Baten,6875c0260a2b30bfd53fcc00,6875c0260a2b30bfd53fcc00
Mantiqat al-Heish,6875c000bf891e3aab105b90,6875c000bf891e3aab105b90
Marah Ma'alla,6875c00e6bf8da1fa891bcf4,6875c00e6bf8da1fa891bcf4
Marah Rabah,6875c011cd58e8d04eac5652,6875c011cd58e8d04eac5652
Marah al-Baqqar,6875c01f2d205435aa47cb5a,6875c01f2d205435aa47cb5a
Marda,6875c007faf7802d747d9a2b,6875c007faf7802d747d9a2b
Marj Na'jah,6875c004f31ee47e94b2c461,6875c004f31ee47e94b2c461
Marj al-Ghazal,6875c021957701899282c547,6875c021957701899282c547
Masafer Yatta,6840920d43e23a8065105127,6840920d43e23a8065105127
Masha,6875c006dd9489e7cab7928b,6875c006dd9489e7cab7928b
Mashru' Beit Qad,6875bffa46e5fdeb85600ff1,6875bffa46e5fdeb85600ff1
Mazari' an Nubani,6875c009f25e85a49c6dea32,6875c009f25e85a49c6dea32
Meithalun,6875bffd957701899282bac6,6875bffd957701899282bac6
Mikhmas,6875c028e0f65a70656dac7f,6875c028e0f65a70656dac7f
Mirka,6875bffcdd9489e7cab78f4d,6875bffcdd9489e7cab78f4d
Misiliyah,6875bffc3baae76b594fc647,6875bffc3baae76b594fc647
Mukhamas,68419b90f13316ecb8e0a9ed,68419b90f13316ecb8e0a9ed
Muslim Quarter,6875c0270a2b30bfd53fcc34,6875c0270a2b30bfd53fcc34
Nablus,68419b90e3d998f090ea02d7,68419b90e3d998f090ea02d7
Nablus,6875c028bef5333665fa8d03,6875c028bef5333665fa8d03
Nahhalin,6875c0134ff1e2b501929b60,6875c0134ff1e2b501929b60
Nazlat 'Isa,6875bffc1970984965c50fd4,6875bffc1970984965c50fd4
Nazlat Abu Nar,6875c02369517854cce358e0,6875c02369517854cce358e0
Nazlat a-Sheikh Zeid,6875c01b4d252824544b24dc,6875c01b4d252824544b24dc
Ni'lin,6875c00beda7a7b48770a2d7,6875c00beda7a7b48770a2d7
Nisf Jubeil,6875bffe2d205435aa47c123,6875bffe2d205435aa47c123
Nuba,6875c013cbb99d6acd3c8723,6875c013cbb99d6acd3c8723
Nur Shams R.C.,6875c001d335b95a8e4482f1,6875c001d335b95a8e4482f1
Odala,6875c004a7c637eaa2e7295a,6875c004a7c637eaa2e7295a
Om al-Nasr,687efe54de777ed5d5c702b8,687efe54de777ed5d5c702b8
Osarin,6875c00419bcc90747001b93,6875c00419bcc90747001b93
Qabalan,6875c00758b028993aaf0a5f,6875c00758b028993aaf0a5f
Qabatiyah,6875c01b0a2b30bfd53fc893,6875c01b0a2b30bfd53fc893
Qafan al-Khamis,6875c01212e3adb158683021,6875c01212e3adb158683021
Qaffin,6875c01c5afff353f2530e4f,6875c01c5afff353f2530e4f
Qalandia,6875c01969517854cce35614,6875c01969517854cce35614
Qalandiya RC,6875c00ddc575df88e69bae6,6875c00ddc575df88e69bae6
Qalqas,6875c01787e51b141bdb57b3,6875c01787e51b141bdb57b3
Qalqiliya,6875c001237aac6304cd7400,6875c001237aac6304cd7400
Qalqilya,6841b7f098c0cb5d5fae33fe,6841b7f098c0cb5d5fae33fe
Qarawat Bani Hassan,6875c006b12b50f5844739d7,6875c006b12b50f5844739d7
Qarawat Bani Zeid,6875c00861e9dc30f02d5ae5,6875c00861e9dc30f02d5ae5
Qaryut,6875c007e697f7865190155a,6875c007e697f7865190155a
Qatanah,6875c00c2f4ee75eaa327bb7,6875c00c2f4ee75eaa327bb7
Qawawis,6875c0104da6359afbb7addf,6875c0104da6359afbb7addf
Qeiqis,6875c0230ddddd64a3759410,6875c0230ddddd64a3759410
Qibyah,6875c00b87e51b141bdb53bc,6875c00b87e51b141bdb53bc
Qila,6875c01387e51b141bdb56db,6875c01387e51b141bdb56db
Qinan Jaber,6875c0186bf8da1fa891caa2,6875c0186bf8da1fa891caa2
Qinan a-Najmah,6875c00f7389043c96b60769,6875c00f7389043c96b60769
Qira,6875c003caf7140ccdcffe74,6875c003caf7140ccdcffe74
Qubaibah,6875c00d6bf8da1fa891bc28,6875c00d6bf8da1fa891bc28
Qurnet a-Ras,6875c0181ffd100ab7af0ce6,6875c0181ffd100ab7af0ce6
Qusin,6875c0025f006aa7cb57bf23,6875c0025f006aa7cb57bf23
Qusrah,6875c007abcaecceb44680d3,6875c007abcaecceb44680d3
Raba,6875c01ad8f36b3c83290f06,6875c01ad8f36b3c83290f06
Rabud,6875c01635e42db992da1509,6875c01635e42db992da1509
Rabud,6875c016b8f3c00f703dadf3,6875c016b8f3c00f703dadf3
Rafada,6875c027dd9489e7cab7a2a9,6875c027dd9489e7cab7a2a9
Rafah,6875bffaeaaf13e443d8b1ff,6875bffaeaaf13e443d8b1ff
Rafah R.C.,6875bff9eda7a7b487709d2e,6875bff9eda7a7b487709d2e
Rafat,6875c00935e42db992da0f82,6875c00935e42db992da0f82
Rafat,6875c029539f20466a3bc702,6875c029539f20466a3bc702
Rakhmeh,6875c0109b1cc93bc436751c,6875c0109b1cc93bc436751c
Ramallah,6875c0206be396c7be3b10a5,6875c0206be396c7be3b10a5
Ramin,6875c0008a29ee65ca913441,6875c0008a29ee65ca913441
Rammun,6875c009bf891e3aab105f9c,6875c009bf891e3aab105f9c
Rantis,6875c01d6bf8da1fa891ce04,6875c01d6bf8da1fa891ce04
Ras 'Atiya,6875c0067389043c96b60418,6875c0067389043c96b60418
Ras Al Ein,68419b909de4ef897e3bae02,68419b909de4ef897e3bae02
Ras Karkar,6875c00bf127c6a93b5d6687,6875c00bf127c6a93b5d6687
Ras Khamis,6875c02001fcc3dbdd356764,6875c02001fcc3dbdd356764
Ras a-Tawil,6875c01269517854cce353c7,6875c01269517854cce353c7
Ras a-Tira,6875c0067389043c96b60433,6875c0067389043c96b60433
Ras al-'Amud,6875c01f68f5dcdae4be7ba3,6875c01f68f5dcdae4be7ba3
Ras al-Far'ah,6875c01d58b028993aaf11ec,6875c01d58b028993aaf11ec
Ras al-Jorah,6875c025d335b95a8e4494ef,6875c025d335b95a8e4494ef
Ras al-Wad,6875c00ff3011fac4bec1f17,6875c00ff3011fac4bec1f17
Rujeib,6875c002aa9fd24b0006799d,6875c002aa9fd24b0006799d
Rummana,6875bffa58b028993aaf0086,6875bffa58b028993aaf0086
Sa'ir,6875c0127bb05de07b51833e,6875c0127bb05de07b51833e
Sabastiya,6875c01cef5f9223ad4b257c,6875c01cef5f9223ad4b257c
Sadet A Thaleh,68419b90a1cb702b21fffb9a,68419b90a1cb702b21fffb9a
Safa,6875c0134d252824544b21f9,6875c0134d252824544b21f9
Saffa,6875c00c9b1cc93bc43673f3,6875c00c9b1cc93bc43673f3
Saffarin,6875c01c37f5379852300919,6875c01c37f5379852300919
Saida,6875c00035e42db992da0cd6,6875c00035e42db992da0cd6
Salem,6875c0025afff353f2530769,6875c0025afff353f2530769
Salfit,6875c00804a507fc7b448c2d,6875c00804a507fc7b448c2d
Salhab,6875c022e0f65a70656da59e,6875c022e0f65a70656da59e
Sanniriya,6875c006ba479c1062f40ced,6875c006ba479c1062f40ced
Sanur,6875bffd37112defe0b5f5cc,6875bffd37112defe0b5f5cc
Sarra,6875c01c539f20466a3bc3ea,6875c01c539f20466a3bc3ea
Sarta,6875c009c66a912b82838a9b,6875c009c66a912b82838a9b
Shamaliyat al-Hawa,6875c011f25e85a49c6decc9,6875c011f25e85a49c6decc9
Sharafat,6875c019252b650464cf3145,6875c019252b650464cf3145
Shebtin,6875c00b0a2b30bfd53fbd43,6875c00b0a2b30bfd53fbd43
Sheikh Jarrah,6875c020bedca23a5b2b27c9,6875c020bedca23a5b2b27c9
Shihda wa Hamlan,6875bfffaa046612f795c4e7,6875bfffaa046612f795c4e7
Shokat as-Sufi,687f0710ea343cd7c5f0a036,687f0710ea343cd7c5f0a036
Shu'fat,6875c0208a7e1f4d0de1c755,6875c0208a7e1f4d0de1c755
Shu'fat R.C.,6875c0207c5888cd6bc6537f,6875c0207c5888cd6bc6537f
Shufah,6875c01cab3d339b225e432a,6875c01cab3d339b225e432a
Shuqba,6875c00b01fcc3dbdd3561aa,6875c00b01fcc3dbdd3561aa
Shuyukh al-'Arrub,6875c01161e9dc30f02d5e0c,6875c01161e9dc30f02d5e0c
Shweika,6875c0007ed36ffe8d2687d1,6875c0007ed36ffe8d2687d1
Sikkah,6875c014ba479c1062f41194,6875c014ba479c1062f41194
Silat a-Dhahr,6875bfff58b028993aaf0782,6875bfff58b028993aaf0782
Silat al-Harithiya,6875bffab265f9fac1c3371a,6875bffab265f9fac1c3371a
Silwad,6875c01e4d0f7f00ff9b73f6,6875c01e4d0f7f00ff9b73f6
Silwad R.C.,6875c01eaa9fd24b0006821d,6875c01eaa9fd24b0006821d
Silwan,6875c01ffaf7802d747da2a8,6875c01ffaf7802d747da2a8
Sinjil,6875c0081970984965c51469,6875c0081970984965c51469
Sir,6875bffd6fcb88f036f79d07,6875bffd6fcb88f036f79d07
Siris,6875bffd0a2b30bfd53fb636,6875bffd0a2b30bfd53fb636
Somara,6875c0263baae76b594fd378,6875c0263baae76b594fd378
Suba,6875c014bf43726ccadd3f59,6875c014bf43726ccadd3f59
Surda,6875c00a12e3adb158682e34,6875c00a12e3adb158682e34
Surif,6875c0137bb05de07b518411,6875c0137bb05de07b518411
Talfit,6875c0079b754e81362bd488,6875c0079b754e81362bd488
Tall a-Sultan R.C.,6875bffaa7c637eaa2e726e1,6875bffaa7c637eaa2e726e1
Tall al-Khashabah,6875bfffe5d79caa2f644593,6875bfffe5d79caa2f644593
Talluzah,6875c01c7a39e79ed540cc30,6875c01c7a39e79ed540cc30
Tammun,6875bffeabcaecceb4467df8,6875bffeabcaecceb4467df8
Tannin,6875c023539f20466a3bc5b5,6875c023539f20466a3bc5b5
Tapuah,6875c0174ff1e2b501929d34,6875c0174ff1e2b501929d34
Tarqumya,6875c014165573e633412b37,6875c014165573e633412b37
Tarramah,6875c01625c65482826920b0,6875c01625c65482826920b0
Tarusah,6875c02504a507fc7b4496ed,6875c02504a507fc7b4496ed
Tawas,6875c014aa046612f795ccfe,6875c014aa046612f795ccfe
Tayasir,6875bffe6be396c7be3b013b,6875bffe6be396c7be3b013b
Telfit,6875bffc58b028993aaf0164,6875bffc58b028993aaf0164
Tell,6875c0021970984965c51318,6875c0021970984965c51318
Ti'nnik,6875c01a58b028993aaf10dc,6875c01a58b028993aaf10dc
Tubas,6875bffebef5333665fa7dda,6875bffebef5333665fa7dda
Tulkarm,6875c0224da6359afbb7b98b,6875c0224da6359afbb7b98b
Tulkarm R.C.,6875c01c6f1622450066f7c8,6875c01c6f1622450066f7c8
Turah a-Sharqiyah,6875bffb546f2654d193ed72,6875bffb546f2654d193ed72
Turah al-Gharbiyah,6875bffbe697f7865190119f,6875bffbe697f7865190119f
Turmus Aya,68419b903e05536a8cbafadd,68419b903e05536a8cbafadd
Turmusaya,6875c01d87e51b141bdb5938,6875c01d87e51b141bdb5938
Um 'Asla,6875c01a0a2b30bfd53fc826,6875c01a0a2b30bfd53fc826
Um Dar,6875bffbc66a912b828385f2,6875bffbc66a912b828385f2
Um Lasafa,6875c0170ddddd64a3759138,6875c0170ddddd64a3759138
Um Laysun,6875c01fba479c1062f41544,6875c01fba479c1062f41544
Um Qabub,6875c0291970984965c51f7d,6875c0291970984965c51f7d
Um Safa,6875c0089b1cc93bc4367293,6875c0089b1cc93bc4367293
Um Salamuna,6875c0110a2b30bfd53fc420,6875c0110a2b30bfd53fc420
Um Tuba,6875bffb5f006aa7cb57bc60,6875bffb5f006aa7cb57bc60
Um Tuba,6875c00f7a39e79ed540c868,6875c00f7a39e79ed540c868
Um a-Rihan,6875bffcab3d339b225e32a8,6875bffcab3d339b225e32a8
Um a-Tut,6875c01a58b028993aaf10c3,6875c01a58b028993aaf10c3
Um al-'Asawej,6875c02a67957aed6df4d88b,6875c02a67957aed6df4d88b
Um al-Butum,6875c00e9b754e81362bd874,6875c00e9b754e81362bd874
Um al-Qasseis,6875c00eef5f9223ad4b2040,6875c00eef5f9223ad4b2040
Umm Al Khair,686559697ef583840de3383e,686559697ef583840de3383e
Wadi 'Ubeid,6875c017b265f9fac1c33eb6,6875c017b265f9fac1c33eb6
Wadi 'Ubeid,6875c0259b754e81362bec5e,6875c0259b754e81362bec5e
Wadi Abu Hindy,6875c02ab12b50f584474d27,6875c02ab12b50f584474d27
Wadi Du'oq,6875c023546f2654d193f9f3,6875c023546f2654d193f9f3
Wadi Esneisel,6875c02a0a2b30bfd53fcdbb,6875c02a0a2b30bfd53fcdbb
Wadi Fukin,6875c0136be396c7be3b0b8d,6875c0136be396c7be3b0b8d
Wadi Muhammad,6875c011d8f36b3c83290a59,6875c011d8f36b3c83290a59
Wadi Muhammad,6875c024f3011fac4bec2868,6875c024f3011fac4bec2868
Wadi Qana,6875c005252b650464cf28e8,6875c005252b650464cf28e8
Wadi Rahhal,6875c011f31ee47e94b2c714,6875c011f31ee47e94b2c714
Wadi Umm Qal'a,6875c00f5afff353f2530abf,6875c00f5afff353f2530abf
Wadi a-Dabi',6875bffb35e42db992da0b0d,6875bffb35e42db992da0b0d
Wadi a-Nis,6875c01125c6548282691e11,6875c01125c6548282691e11
Wadi a-Rasha,6875c021f3011fac4bec276a,6875c021f3011fac4bec276a
Wadi a-Rim,6875c00fdf5eb5e758a32a63,6875c00fdf5eb5e758a32a63
Wadi a-Sada,6875c02868f5dcdae4be7e99,6875c02868f5dcdae4be7e99
Wadi a-Shajena,6875c027296a0ebcd388e7d8,6875c027296a0ebcd388e7d8
Wadi al-'Arayis,6875c0255d42d37241d2890c,6875c0255d42d37241d2890c
Wadi al-Far'ah,6875c01d01fcc3dbdd356651,6875c01d01fcc3dbdd356651
Wadi al-Joz,6875c02038bb2a9e795d2272,6875c02038bb2a9e795d2272
Wadi al-Kilab,6875c00f5d42d37241d28286,6875c00f5d42d37241d28286
Wadi as-Salqa,687f017b3fe3f37f1c3f2051,687f017b3fe3f37f1c3f2051
Ya'bad,6875bffb1323e724b8844c6d,6875bffb1323e724b8844c6d
Yabrud,6875c00925c6548282691af7,6875c00925c6548282691af7
Yanun,6875c0041970984965c51369,6875c0041970984965c51369
Yasid,6875bffe539f20466a3bb9ec,6875bffe539f20466a3bb9ec
Yasuf,6875c0071970984965c51441,6875c0071970984965c51441
Yatma,6875c00774474586966e2302,6875c00774474586966e2302
Yatta,6875c02835e42db992da2649,6875c02835e42db992da2649
Za'tara,6875c00faa9fd24b00067d9b,6875c00faa9fd24b00067d9b
Za'tara,6875c02174474586966e2c50,6875c02174474586966e2c50
Zabdah,6875c01ab14376cff972d955,6875c01ab14376cff972d955
Zabubah,6875bffa1323e724b8844c34,6875bffa1323e724b8844c34
Zawata,6875c0017a39e79ed540c450,6875c0017a39e79ed540c450
Zeita,6875c00046e5fdeb85601542,6875c00046e5fdeb85601542
Zeita Jamma'in,6875c0034ff1e2b501929624,6875c0034ff1e2b501929624
Zif,6875c017dd9489e7cab7996b,6875c017dd9489e7cab7996b
Zif,6875c0183dca717222d7c605,6875c0183dca717222d7c605
Zur Baher,6875c01f164002893fcbb371,6875c01f164002893fcbb371
a-Dab'ah,6875c0068a29ee65ca9135e5,6875c0068a29ee65ca9135e5
a-Damayrah,6875bffc35e42db992da0bc4,6875bffc35e42db992da0bc4
a-Dawa,6875bfff8a7e1f4d0de1b7b9,6875bfff8a7e1f4d0de1b7b9
a-Dhahiriyah,6875c015b8f3c00f703dadcd,6875c015b8f3c00f703dadcd
a-Doha,6875c0195afff353f2530d9f,6875c0195afff353f2530d9f
a-Duheisheh R.C.,6875c012caf7140ccdd003f6,6875c012caf7140ccdd003f6
a-Duwara,6875c0122d205435aa47c6d5,6875c0122d205435aa47c6d5
a-Duweir,6875c00fb265f9fac1c33c72,6875c00fb265f9fac1c33c72
a-Lubban al-Gharbiyah,6875c00858b028993aaf0a88,6875c00858b028993aaf0a88
a-Lubban al-Gharbiyah,6875c00bb8f3c00f703daa60,6875c00bb8f3c00f703daa60
a-Nabi Elyas,6875c006b12b50f5844739c2,6875c006b12b50f5844739c2
a-Nabi Musa,6875c02938bb2a9e795d28cb,6875c02938bb2a9e795d28cb
a-Nabi Saleh,6875c00858b028993aaf0aac,6875c00858b028993aaf0aac
a-Nabi Samwil,6875c0248a7e1f4d0de1c8ed,6875c0248a7e1f4d0de1c8ed
a-Najada,6875c018ab3d339b225e4283,6875c018ab3d339b225e4283
a-Naqurah,6875bfffa7c637eaa2e72833,6875bfffa7c637eaa2e72833
a-Nassariyah,6875c02119bcc907470027a1,6875c02119bcc907470027a1
a-Nazlah a-Sharqiya,6875bfff37f53798522ffb8e,6875bfff37f53798522ffb8e
a-Nazlah al-Gharbiyah,6875c01c19bcc9074700254f,6875c01c19bcc9074700254f
a-Nazlah al-Wusta,6875bfff61e9dc30f02d5852,6875bfff61e9dc30f02d5852
a-Nuseirat R.C.,6875bff969517854cce34e3a,6875bff969517854cce34e3a
a-Nuwei'mah,6875c01ebf43726ccadd4219,6875c01ebf43726ccadd4219
a-Ram,6875c0196ad391d59142a134,6875c0196ad391d59142a134
a-Rama,6875c000b14376cff972d091,6875c000b14376cff972d091
a-Ramadin,6875c01fcbb99d6acd3c89ba,6875c01fcbb99d6acd3c89ba
a-Ras,6875c0043baae76b594fc893,6875c0043baae76b594fc893
a-Rawa'in,6875c00ff67a43d73d2d3011,6875c00ff67a43d73d2d3011
a-Rawa'in,6875c012539f20466a3bc086,6875c012539f20466a3bc086
a-Rifa'iya,6875c017e5d79caa2f644cbf,6875c017e5d79caa2f644cbf
a-Rihiya,6875c01ed8f36b3c83291185,6875c01ed8f36b3c83291185
a-Sa'aidah,6875c029cd76cf413e4364b6,6875c029cd76cf413e4364b6
a-Samu',6875c01701fcc3dbdd35645d,6875c01701fcc3dbdd35645d
a-Sawahrah a-Sharqiyah,6875c019f25e85a49c6def30,6875c019f25e85a49c6def30
a-Sawahrah al-Gharbiyah,6875c01f7bb05de07b5188b0,6875c01f7bb05de07b5188b0
a-Sawaneh,6875c02091e1e1f53d5b5eaa,6875c02091e1e1f53d5b5eaa
a-Sawiyah,6875c0079c9eecc4326a93bc,6875c0079c9eecc4326a93bc
a-Shati' R.C.,6875bff8ef5f9223ad4b166d,6875bff8ef5f9223ad4b166d
a-Shawawrah,6875c00ef3011fac4bec1ef6,6875c00ef3011fac4bec1ef6
a-Sheikh Sa'ed,6875c020296a0ebcd388e413,6875c020296a0ebcd388e413
a-Shuhada (Ganzour),6875bffc35e42db992da0ba4,6875bffc35e42db992da0ba4
a-Shuyukh,6875c01236f16b274d9a298c,6875c01236f16b274d9a298c
a-Shyah,6875c02814bfa312b1676d89,6875c02814bfa312b1676d89
a-Simiya,6875c0156fcb88f036f7abf0,6875c0156fcb88f036f7abf0
a-Sura,6875c016164002893fcbb112,6875c016164002893fcbb112
a-Tabaqa,6875c0256fcb88f036f7b034,6875c0256fcb88f036f7b034
a-Taybah,6875c0092d205435aa47c443,6875c0092d205435aa47c443
a-Taybah,6875c028bf891e3aab10680b,6875c028bf891e3aab10680b
a-Thabra,6875c024ab3d339b225e4943,6875c024ab3d339b225e4943
a-Thaghra,6875c021f3011fac4bec27a8,6875c021f3011fac4bec27a8
a-Tirah,6875c00cdf5eb5e758a3295b,6875c00cdf5eb5e758a3295b
a-Tur,6875c01f58b028993aaf1269,6875c01f58b028993aaf1269
a-Tuwani,6875c017f127c6a93b5d6a6f,6875c017f127c6a93b5d6a6f
a-Za'ayem,6875c019b14376cff972d8bf,6875c019b14376cff972d8bf
a-Zababidah,6875bffde5d79caa2f644520,6875bffde5d79caa2f644520
a-Zawiya,6875c00937112defe0b5fa05,6875c00937112defe0b5fa05
a-Zawiya,6875c01c25c6548282692226,6875c01c25c6548282692226
a-Zbeidat,6875c02169517854cce3586f,6875c02169517854cce3586f
a-Zuweidin,6875c0181ffd100ab7af0d06,6875c0181ffd100ab7af0d06
al-'Alaqah,6875c0161323e724b8845460,6875c0161323e724b8845460
al-'Alaqah a-Tahta,6875c027f127c6a93b5d7565,6875c027f127c6a93b5d7565
al-'Alaqah al-Foqa,6875c0168a7e1f4d0de1c40a,6875c0168a7e1f4d0de1c40a
al-'Aqabah,6875bffc69517854cce34ed1,6875bffc69517854cce34ed1
al-'Aqabah,6875c02114bfa312b1676b40,6875c02114bfa312b1676b40
al-'Araqah,6875c01aaa046612f795cea2,6875c01aaa046612f795cea2
al-'Arrub R.C.,6875c0117ed36ffe8d268c80,6875c0117ed36ffe8d268c80
al-'Asa'asah,6875bffe19bcc90747001622,6875bffe19bcc90747001622
al-'Asakirah,6875c010aa9fd24b00067dff,6875c010aa9fd24b00067dff
al-'Attarah,6875c01ac66a912b82839143,6875c01ac66a912b82839143
al-'Aza R.C.,6875c01201fcc3dbdd356326,6875c01201fcc3dbdd356326
al-'Azazimah,6875c028539f20466a3bc6d7,6875c028539f20466a3bc6d7
al-'Eizariyah,6875c019f127c6a93b5d6af1,6875c019f127c6a93b5d6af1
al-'Esawiyah,6875c020c66a912b82839a3c,6875c020c66a912b82839a3c
al-'Iqab,6875c010b8f3c00f703dac64,6875c010b8f3c00f703dac64
al-'Udeisah,6875c018dd9489e7cab79a6d,6875c018dd9489e7cab79a6d
al-Aqrabaniyah,6875bfff1970984965c510d3,6875bfff1970984965c510d3
al-Badhan,6875bfff7389043c96b5feb0,6875bfff7389043c96b5feb0
al-Baida,6875c0240708ac560f3619b0,6875c0240708ac560f3619b0
al-Birah,6875c0155d42d37241d283af,6875c0155d42d37241d283af
al-Bureij R.C.,6875bff88a29ee65ca913161,6875bff88a29ee65ca913161
al-Burj,6875c015957701899282c1cd,6875c015957701899282c1cd
al-Buweib,6875c018e5d79caa2f644ce2,6875c018e5d79caa2f644ce2
al-Fandaqumiyah,6875bffe7c5888cd6bc643d6,6875bffe7c5888cd6bc643d6
al-Faqir,6875c018cbb99d6acd3c8854,6875c018cbb99d6acd3c8854
al-Far'ah R.C.,6875bffe7a39e79ed540c33e,6875bffe7a39e79ed540c33e
al-Farisiyah,6875c01ddd9489e7cab79d96,6875c01ddd9489e7cab79d96
al-Fawwar R.C.,6875c01714bfa312b16767ab,6875c01714bfa312b16767ab
al-Funduq,6875c004bf891e3aab105cc6,6875c004bf891e3aab105cc6
al-Fuqrah,6875c02b5d42d37241d28b9e,6875c02b5d42d37241d28b9e
al-Fureidis,6875c010aa046612f795ca33,6875c010aa046612f795ca33
al-Hadidiyah,6875c00eb8f3c00f703dabd8,6875c00eb8f3c00f703dabd8
al-Hadidiyah,6875c023eda7a7b48770aaa8,6875c023eda7a7b48770aaa8
al-Haffasi,6875c022957701899282c5a1,6875c022957701899282c5a1
al-Hafira,6875c023ba479c1062f41667,6875c023ba479c1062f41667
al-Halqum,6875c00e37112defe0b5fb83,6875c00e37112defe0b5fb83
al-Hashimiyah,6875c01ac66a912b8283915a,6875c01ac66a912b8283915a
al-Hijrah,6875c017957701899282c24d,6875c017957701899282c24d
al-Hilah,6875c02804a507fc7b4499ce,6875c02804a507fc7b4499ce
al-Hujailah,6875c00edf5eb5e758a32a21,6875c00edf5eb5e758a32a21
al-Jab'ah,6875c0146bf8da1fa891c864,6875c0146bf8da1fa891c864
al-Jalameh,6875bffabf891e3aab1058dc,6875bffabf891e3aab1058dc
al-Jalazun R.C.,6875c00ab265f9fac1c33b3e,6875c00ab265f9fac1c33b3e
al-Jamilat,6875c02390c314372b219b6f,6875c02390c314372b219b6f
al-Janiyah,6875c00b9c9eecc4326a94cc,6875c00b9c9eecc4326a94cc
al-Jarba,6875c02319bcc9074700289e,6875c02319bcc9074700289e
al-Jarushiya,6875c01c90c314372b21998e,6875c01c90c314372b21998e
al-Jib,6875c019eda7a7b48770a6d0,6875c019eda7a7b48770a6d0
al-Jiftlik,6875c0046be396c7be3b085e,6875c0046be396c7be3b085e
al-Judeidah,6875bffdba479c1062f40a44,6875bffdba479c1062f40a44
al-Judeirah,6875c0206bf8da1fa891cebb,6875c0206bf8da1fa891cebb
al-Juneid,6875c02136f16b274d9a309b,6875c02136f16b274d9a309b
al-Ka'abneh,6875c02b36f16b274d9a3391,6875c02b36f16b274d9a3391
al-Karmel,6875c01e9b754e81362bddd0,6875c01e9b754e81362bddd0
al-Karshan,6875c02b6be396c7be3b138e,6875c02b6be396c7be3b138e
al-Kasarat,6875c02a01fcc3dbdd357119,6875c02a01fcc3dbdd357119
al-Khader,6875c012f3011fac4bec206b,6875c012f3011fac4bec206b
al-Khamajat,6875c00f7c5888cd6bc64d93,6875c00f7c5888cd6bc64d93
al-Khas,6875c00f252b650464cf2cc8,6875c00f252b650464cf2cc8
al-Khdeirat,6875c01ea7c637eaa2e7343e,6875c01ea7c637eaa2e7343e
al-Khuljan,6875bffbb265f9fac1c33763,6875bffbb265f9fac1c33763
al-Khushna,6875c025f3011fac4bec2894,6875c025f3011fac4bec2894
al-Kufeir,6875bffd296a0ebcd388d49c,6875bffd296a0ebcd388d49c
al-Kum,6875c014d335b95a8e448b95,6875c014d335b95a8e448b95
al-Ma'sarah,6875c00e38bb2a9e795d1b96,6875c00e38bb2a9e795d1b96
al-Maghazi R.C.,6875bff9bef5333665fa7a21,6875bff9bef5333665fa7a21
al-Majd,6875c01edd9489e7cab79dff,6875c01edd9489e7cab79dff
al-Malih,6875c0214ff1e2b50192a117,6875c0214ff1e2b50192a117
al-Maniyah,6875c01137112defe0b5ff1a,6875c01137112defe0b5ff1a
al-Manshiyah,6875c011eda7a7b48770a469,6875c011eda7a7b48770a469
al-Mansura,6875c0006fcb88f036f79e2d,6875c0006fcb88f036f79e2d
al-Mas'udiyah,6875c001cbb99d6acd3c81f4,6875c001cbb99d6acd3c81f4
al-Masqufah,6875c0224d252824544b265d,6875c0224d252824544b265d
al-Mazra'ah a-Sharqiyah,6875c009abcaecceb4468190,6875c009abcaecceb4468190
al-Mazra'ah al-Qibliyah,6875c00aab3d339b225e39f0,6875c00aab3d339b225e39f0
al-Mehtiwish,6875c02bf67a43d73d2d3a9a,6875c02bf67a43d73d2d3a9a
al-Midyah,6875c00b25c6548282691c5a,6875c00b25c6548282691c5a
al-Mudawar,6875c006b265f9fac1c33a03,6875c006b265f9fac1c33a03
al-Mughayir,6875c01adc575df88e69bd91,6875c01adc575df88e69bd91
al-Mughayir,6875c01d7ed36ffe8d2690f1,6875c01d7ed36ffe8d2690f1
al-Muntar,6875c027bef5333665fa8c60,6875c027bef5333665fa8c60
al-Mutilla,6875bffcaa046612f795c44f,6875bffcaa046612f795c44f
al-Muwarraq,6875c014f25e85a49c6ded96,6875c014f25e85a49c6ded96
al-Walajah,6875c024bef5333665fa8aef,6875c024bef5333665fa8aef
al-Yamun,6875c01a7bb05de07b51869d,6875c01a7bb05de07b51869d
kh. 'Abdallah al-Yunis,6875bffc9c9eecc4326a8e82,6875bffc9c9eecc4326a8e82
kh. Abu 'Anqar,6875bffb36f16b274d9a2282,6875bffb36f16b274d9a2282
kh. Abu Nujeim,6875c01035e42db992da13ce,6875c01035e42db992da13ce
kh. al-Muntar a-Sharqiyah,6875c02968f5dcdae4be7ec2,6875c02968f5dcdae4be7ec2
kh. al-Muntar al-Gharbiyah,6875c0291ffd100ab7af13ea,6875c0291ffd100ab7af13ea
‘Ein Beit al-Maa,685ba99144918b097309eb5b,685ba99144918b097309eb5b
